Date,Open,High,Low,Close
01/03/2022,4778.14013671875,4796.64013671875,4758.169921875,4796.56005859375
01/04/2022,4804.509765625,4818.6201171875,4774.27001953125,4793.5400390625
01/05/2022,4787.990234375,4797.7001953125,4699.43994140625,4700.580078125
01/06/2022,4693.39013671875,4725.009765625,4671.259765625,4696.0498046875
01/07/2022,4697.66015625,4707.9501953125,4662.740234375,4677.02978515625
01/10/2022,4655.33984375,4673.02001953125,4582.240234375,4670.2900390625
01/11/2022,4669.14013671875,4714.1298828125,4638.27001953125,4713.06982421875
01/12/2022,4728.58984375,4748.830078125,4706.7099609375,4726.35009765625
01/13/2022,4733.56005859375,4744.1298828125,4650.2900390625,4659.02978515625
01/14/2022,4637.990234375,4665.1298828125,4614.75,4662.85009765625
01/18/2022,4632.240234375,4632.240234375,4568.7001953125,4577.10986328125
01/19/2022,4588.02978515625,4611.5498046875,4530.2001953125,4532.759765625
01/20/2022,4547.35009765625,4602.10986328125,4477.9501953125,4482.72998046875
01/21/2022,4471.3798828125,4494.52001953125,4395.33984375,4397.93994140625
01/24/2022,4356.31982421875,4417.35009765625,4222.6201171875,4410.1298828125
01/25/2022,4366.64013671875,4411.009765625,4287.10986328125,4356.4501953125
01/26/2022,4408.43017578125,4453.22998046875,4304.7998046875,4349.93017578125
01/27/2022,4380.580078125,4428.740234375,4309.5,4326.509765625
01/28/2022,4336.18994140625,4432.72021484375,4292.4599609375,4431.85009765625
01/31/2022,4431.7900390625,4516.89013671875,4414.02001953125,4515.5498046875
02/01/2022,4519.56982421875,4550.490234375,4483.52978515625,4546.5400390625
02/02/2022,4566.39013671875,4595.31005859375,4544.31982421875,4589.3798828125
02/03/2022,4535.41015625,4542.8798828125,4470.39013671875,4477.43994140625
02/04/2022,4482.7900390625,4539.66015625,4451.5,4500.52978515625
02/07/2022,4505.75,4521.85986328125,4471.47021484375,4483.8701171875
02/08/2022,4480.02001953125,4531.31982421875,4465.39990234375,4521.5400390625
02/09/2022,4547.0,4590.02978515625,4547.0,4587.18017578125
02/10/2022,4553.240234375,4588.919921875,4484.31005859375,4504.080078125
02/11/2022,4506.27001953125,4526.330078125,4401.41015625,4418.64013671875
02/14/2022,4412.60986328125,4426.22021484375,4364.83984375,4401.669921875
02/15/2022,4429.27978515625,4472.77001953125,4429.27978515625,4471.06982421875
02/16/2022,4455.75,4489.5498046875,4429.68017578125,4475.009765625
02/17/2022,4456.06005859375,4456.06005859375,4373.81005859375,4380.259765625
02/18/2022,4384.56982421875,4394.60009765625,4327.22021484375,4348.8701171875
02/22/2022,4332.740234375,4362.1201171875,4267.10986328125,4304.759765625
02/23/2022,4324.93017578125,4341.509765625,4221.509765625,4225.5
02/24/2022,4155.77001953125,4294.72998046875,4114.64990234375,4288.7001953125
02/25/2022,4298.3798828125,4385.33984375,4286.830078125,4384.64990234375
02/28/2022,4354.169921875,4388.83984375,4315.1201171875,4373.93994140625
03/01/2022,4363.14013671875,4378.4501953125,4279.5400390625,4306.259765625
03/02/2022,4322.56005859375,4401.47998046875,4322.56005859375,4386.5400390625
03/03/2022,4401.31005859375,4416.77978515625,4345.56005859375,4363.490234375
03/04/2022,4342.1201171875,4342.1201171875,4284.97998046875,4328.8701171875
03/07/2022,4327.009765625,4327.009765625,4199.85009765625,4201.08984375
03/08/2022,4202.66015625,4276.93994140625,4157.8701171875,4170.7001953125
03/09/2022,4223.10009765625,4299.39990234375,4223.10009765625,4277.8798828125
03/10/2022,4252.5498046875,4268.27978515625,4209.7998046875,4259.52001953125
03/11/2022,4279.5,4291.009765625,4200.490234375,4204.31005859375
03/14/2022,4202.75,4247.56982421875,4161.72021484375,4173.10986328125
03/15/2022,4188.81982421875,4271.0498046875,4187.89990234375,4262.4501953125
03/16/2022,4288.14013671875,4358.89990234375,4251.990234375,4357.85986328125
03/17/2022,4345.10986328125,4412.669921875,4335.64990234375,4411.669921875
03/18/2022,4407.33984375,4465.39990234375,4390.56982421875,4463.1201171875
03/21/2022,4462.39990234375,4481.75,4424.2998046875,4461.18017578125
03/22/2022,4469.10009765625,4522.0,4469.10009765625,4511.60986328125
03/23/2022,4493.10009765625,4501.06982421875,4455.81005859375,4456.240234375
03/24/2022,4469.97998046875,4520.580078125,4465.169921875,4520.16015625
03/25/2022,4522.91015625,4546.02978515625,4501.06982421875,4543.06005859375
03/28/2022,4541.08984375,4575.64990234375,4517.68994140625,4575.52001953125
03/29/2022,4602.85986328125,4637.2998046875,4589.66015625,4631.60009765625
03/30/2022,4624.2001953125,4627.77001953125,4581.31982421875,4602.4501953125
03/31/2022,4599.02001953125,4603.06982421875,4530.41015625,4530.41015625
04/01/2022,4540.31982421875,4548.7001953125,4507.56982421875,4545.85986328125
04/04/2022,4547.97021484375,4583.5,4539.2099609375,4582.64013671875
04/05/2022,4572.4501953125,4593.4501953125,4514.169921875,4525.1201171875
04/06/2022,4494.169921875,4503.93994140625,4450.0400390625,4481.14990234375
04/07/2022,4474.64990234375,4521.16015625,4450.2998046875,4500.2099609375
04/08/2022,4494.14990234375,4520.41015625,4474.60009765625,4488.27978515625
04/11/2022,4462.64013671875,4464.35009765625,4408.3798828125,4412.52978515625
04/12/2022,4437.58984375,4471.0,4381.33984375,4397.4501953125
04/13/2022,4394.2998046875,4453.919921875,4392.7001953125,4446.58984375
04/14/2022,4449.1201171875,4460.4599609375,4390.77001953125,4392.58984375
04/18/2022,4385.6298828125,4410.31005859375,4370.2998046875,4391.68994140625
04/19/2022,4390.6298828125,4471.02978515625,4390.6298828125,4462.2099609375
04/20/2022,4472.259765625,4488.2900390625,4448.759765625,4459.4501953125
04/21/2022,4489.169921875,4512.93994140625,4384.47021484375,4393.66015625
04/22/2022,4385.830078125,4385.830078125,4267.6201171875,4271.77978515625
04/25/2022,4255.33984375,4299.02001953125,4200.81982421875,4296.1201171875
04/26/2022,4278.14013671875,4278.14013671875,4175.0400390625,4175.2001953125
04/27/2022,4186.52001953125,4240.7099609375,4162.89990234375,4183.9599609375
04/28/2022,4222.580078125,4308.4501953125,4188.6298828125,4287.5
04/29/2022,4253.75,4269.68017578125,4124.27978515625,4131.93017578125
05/02/2022,4130.60986328125,4169.81005859375,4062.510009765625,4155.3798828125
05/03/2022,4159.77978515625,4200.10009765625,4147.080078125,4175.47998046875
05/04/2022,4181.18017578125,4307.66015625,4148.91015625,4300.169921875
05/05/2022,4270.43017578125,4270.43017578125,4106.009765625,4146.8701171875
05/06/2022,4128.169921875,4157.68994140625,4067.909912109375,4123.33984375
05/09/2022,4081.27001953125,4081.27001953125,3975.47998046875,3991.239990234375
05/10/2022,4035.179931640625,4068.820068359375,3958.169921875,4001.050048828125
05/11/2022,3990.080078125,4049.090087890625,3928.820068359375,3935.179931640625
05/12/2022,3903.949951171875,3964.800048828125,3858.8701171875,3930.080078125
05/13/2022,3963.89990234375,4038.8798828125,3963.89990234375,4023.889892578125
05/16/2022,4013.02001953125,4046.4599609375,3983.989990234375,4008.010009765625
05/17/2022,4052.0,4090.719970703125,4033.929931640625,4088.85009765625
05/18/2022,4051.97998046875,4051.97998046875,3911.909912109375,3923.679931640625
05/19/2022,3899.0,3945.9599609375,3876.580078125,3900.7900390625
05/20/2022,3927.760009765625,3943.419921875,3810.320068359375,3901.360107421875
05/23/2022,3919.419921875,3981.8798828125,3909.0400390625,3973.75
05/24/2022,3942.93994140625,3955.679931640625,3875.1298828125,3941.47998046875
05/25/2022,3929.590087890625,3999.330078125,3925.030029296875,3978.72998046875
05/26/2022,3984.60009765625,4075.139892578125,3984.60009765625,4057.840087890625
05/27/2022,4077.429931640625,4158.490234375,4077.429931640625,4158.240234375
05/31/2022,4151.08984375,4168.33984375,4104.8798828125,4132.14990234375
06/01/2022,4149.77978515625,4166.5400390625,4073.85009765625,4101.22998046875
06/02/2022,4095.409912109375,4177.509765625,4074.3701171875,4176.81982421875
06/03/2022,4137.56982421875,4142.669921875,4098.669921875,4108.5400390625
06/06/2022,4134.72021484375,4168.77978515625,4109.18017578125,4121.43017578125
06/07/2022,4096.47021484375,4164.85986328125,4080.18994140625,4160.68017578125
06/08/2022,4147.1201171875,4160.14013671875,4107.2001953125,4115.77001953125
06/09/2022,4101.64990234375,4119.10009765625,4017.169921875,4017.820068359375
06/10/2022,3974.389892578125,3974.389892578125,3900.159912109375,3900.860107421875
06/13/2022,3838.14990234375,3838.14990234375,3734.300048828125,3749.6298828125
06/14/2022,3763.52001953125,3778.179931640625,3705.679931640625,3735.47998046875
06/15/2022,3764.050048828125,3837.56005859375,3722.300048828125,3789.989990234375
06/16/2022,3728.179931640625,3728.179931640625,3639.77001953125,3666.77001953125
06/17/2022,3665.89990234375,3707.7099609375,3636.8701171875,3674.840087890625
06/21/2022,3715.31005859375,3779.64990234375,3715.31005859375,3764.7900390625
06/22/2022,3733.889892578125,3801.7900390625,3717.68994140625,3759.889892578125
06/23/2022,3774.7099609375,3802.580078125,3743.52001953125,3795.72998046875
06/24/2022,3821.75,3913.64990234375,3821.75,3911.739990234375
06/27/2022,3920.760009765625,3927.719970703125,3889.659912109375,3900.110107421875
06/28/2022,3913.0,3945.860107421875,3820.139892578125,3821.550048828125
06/29/2022,3825.090087890625,3836.5,3799.02001953125,3818.830078125
06/30/2022,3785.989990234375,3818.989990234375,3738.669921875,3785.3798828125
07/01/2022,3781.0,3829.820068359375,3752.10009765625,3825.330078125
07/05/2022,3792.610107421875,3832.18994140625,3742.06005859375,3831.389892578125
07/06/2022,3831.97998046875,3870.909912109375,3809.3701171875,3845.080078125
07/07/2022,3858.85009765625,3910.6298828125,3858.85009765625,3902.6201171875
07/08/2022,3888.260009765625,3918.5,3869.340087890625,3899.3798828125
07/11/2022,3880.93994140625,3880.93994140625,3847.219970703125,3854.429931640625
07/12/2022,3851.949951171875,3873.409912109375,3802.360107421875,3818.800048828125
07/13/2022,3779.669921875,3829.43994140625,3759.070068359375,3801.780029296875
07/14/2022,3763.989990234375,3796.409912109375,3721.56005859375,3790.3798828125
07/15/2022,3818.0,3863.6201171875,3817.179931640625,3863.159912109375
07/18/2022,3883.7900390625,3902.43994140625,3818.6298828125,3830.85009765625
07/19/2022,3860.72998046875,3939.81005859375,3860.72998046875,3936.68994140625
07/20/2022,3935.320068359375,3974.1298828125,3922.030029296875,3959.89990234375
07/21/2022,3955.469970703125,3999.2900390625,3927.639892578125,3998.949951171875
07/22/2022,3998.429931640625,4012.43994140625,3938.860107421875,3961.6298828125
07/25/2022,3965.719970703125,3975.300048828125,3943.4599609375,3966.840087890625
07/26/2022,3953.219970703125,3953.219970703125,3910.739990234375,3921.050048828125
07/27/2022,3951.429931640625,4039.56005859375,3951.429931640625,4023.610107421875
07/28/2022,4026.1298828125,4078.949951171875,3992.969970703125,4072.429931640625
07/29/2022,4087.330078125,4140.14990234375,4079.219970703125,4130.2900390625
08/01/2022,4112.3798828125,4144.9501953125,4096.02001953125,4118.6298828125
08/02/2022,4104.2099609375,4140.47021484375,4079.81005859375,4091.18994140625
08/03/2022,4107.9599609375,4167.66015625,4107.9599609375,4155.169921875
08/04/2022,4154.85009765625,4161.2900390625,4135.419921875,4151.93994140625
08/05/2022,4115.8701171875,4151.580078125,4107.31005859375,4145.18994140625
08/08/2022,4155.93017578125,4186.6201171875,4128.97021484375,4140.06005859375
08/09/2022,4133.10986328125,4137.2998046875,4112.08984375,4122.47021484375
08/10/2022,4181.02001953125,4211.02978515625,4177.259765625,4210.240234375
08/11/2022,4227.39990234375,4257.91015625,4201.41015625,4207.27001953125
08/12/2022,4225.02001953125,4280.47021484375,4219.77978515625,4280.14990234375
08/15/2022,4269.3701171875,4301.7900390625,4256.89990234375,4297.14013671875
08/16/2022,4290.4599609375,4325.27978515625,4277.77001953125,4305.2001953125
08/17/2022,4280.39990234375,4302.18017578125,4253.080078125,4274.0400390625
08/18/2022,4273.1298828125,4292.52978515625,4261.97998046875,4283.740234375
08/19/2022,4266.31005859375,4266.31005859375,4218.7001953125,4228.47998046875
08/22/2022,4195.080078125,4195.080078125,4129.85986328125,4137.990234375
08/23/2022,4133.08984375,4159.77001953125,4124.02978515625,4128.72998046875
08/24/2022,4126.5498046875,4156.56005859375,4119.97021484375,4140.77001953125
08/25/2022,4153.259765625,4200.5400390625,4147.58984375,4199.1201171875
08/26/2022,4198.740234375,4203.0400390625,4057.659912109375,4057.659912109375
08/29/2022,4034.580078125,4062.989990234375,4017.419921875,4030.610107421875
08/30/2022,4041.25,4044.97998046875,3965.2099609375,3986.159912109375
08/31/2022,4000.669921875,4015.3701171875,3954.530029296875,3955.0
09/01/2022,3936.72998046875,3970.22998046875,3903.64990234375,3966.85009765625
09/02/2022,3994.659912109375,4018.429931640625,3906.2099609375,3924.260009765625
09/06/2022,3930.889892578125,3942.550048828125,3886.75,3908.18994140625
09/07/2022,3909.429931640625,3987.889892578125,3906.030029296875,3979.8701171875
09/08/2022,3959.93994140625,4010.5,3944.81005859375,4006.179931640625
09/09/2022,4022.93994140625,4076.81005859375,4022.93994140625,4067.360107421875
09/12/2022,4083.669921875,4119.27978515625,4083.669921875,4110.41015625
09/13/2022,4037.1201171875,4037.1201171875,3921.280029296875,3932.68994140625
09/14/2022,3940.72998046875,3961.93994140625,3912.179931640625,3946.010009765625
09/15/2022,3932.409912109375,3959.139892578125,3888.280029296875,3901.35009765625
09/16/2022,3880.949951171875,3880.949951171875,3837.080078125,3873.330078125
09/19/2022,3849.909912109375,3900.449951171875,3838.5,3899.889892578125
09/20/2022,3875.22998046875,3876.010009765625,3827.5400390625,3855.929931640625
09/21/2022,3871.39990234375,3907.070068359375,3789.489990234375,3789.929931640625
09/22/2022,3782.360107421875,3790.89990234375,3749.449951171875,3757.989990234375
09/23/2022,3727.139892578125,3727.139892578125,3647.469970703125,3693.22998046875
09/26/2022,3682.719970703125,3715.669921875,3644.760009765625,3655.0400390625
09/27/2022,3686.43994140625,3717.530029296875,3623.2900390625,3647.2900390625
09/28/2022,3651.93994140625,3736.739990234375,3640.610107421875,3719.0400390625
09/29/2022,3687.010009765625,3687.010009765625,3610.39990234375,3640.469970703125
09/30/2022,3633.47998046875,3671.43994140625,3584.1298828125,3585.6201171875
10/03/2022,3609.780029296875,3698.35009765625,3604.929931640625,3678.429931640625
10/04/2022,3726.4599609375,3791.919921875,3726.4599609375,3790.929931640625
10/05/2022,3753.25,3806.909912109375,3722.659912109375,3783.280029296875
10/06/2022,3771.969970703125,3797.929931640625,3739.219970703125,3744.52001953125
10/07/2022,3706.739990234375,3706.739990234375,3620.72998046875,3639.659912109375
10/10/2022,3647.510009765625,3652.169921875,3588.10009765625,3612.389892578125
10/11/2022,3595.860107421875,3640.659912109375,3568.449951171875,3588.840087890625
10/12/2022,3590.830078125,3608.340087890625,3573.860107421875,3577.030029296875
10/13/2022,3520.3701171875,3685.409912109375,3491.580078125,3669.909912109375
10/14/2022,3690.409912109375,3712.0,3579.679931640625,3583.070068359375
10/17/2022,3638.64990234375,3689.72998046875,3638.64990234375,3677.949951171875
10/18/2022,3746.260009765625,3762.7900390625,3686.530029296875,3719.97998046875
10/19/2022,3703.110107421875,3728.580078125,3666.510009765625,3695.159912109375
10/20/2022,3689.050048828125,3736.0,3656.43994140625,3665.780029296875
10/21/2022,3657.10009765625,3757.889892578125,3647.419921875,3752.75
10/24/2022,3762.010009765625,3810.739990234375,3741.64990234375,3797.340087890625
10/25/2022,3799.43994140625,3862.85009765625,3799.43994140625,3859.110107421875
10/26/2022,3825.969970703125,3886.14990234375,3824.070068359375,3830.60009765625
10/27/2022,3834.68994140625,3859.949951171875,3803.7900390625,3807.300048828125
10/28/2022,3808.260009765625,3905.419921875,3808.260009765625,3901.06005859375
10/31/2022,3881.85009765625,3893.72998046875,3863.179931640625,3871.97998046875
11/01/2022,3901.7900390625,3911.7900390625,3843.800048828125,3856.10009765625
11/02/2022,3852.89990234375,3894.43994140625,3758.679931640625,3759.68994140625
11/03/2022,3733.25,3750.590087890625,3698.14990234375,3719.889892578125
11/04/2022,3766.97998046875,3796.340087890625,3708.840087890625,3770.550048828125
11/07/2022,3780.7099609375,3813.949951171875,3764.699951171875,3806.800048828125
11/08/2022,3817.02001953125,3859.39990234375,3786.280029296875,3828.110107421875
11/09/2022,3810.93994140625,3818.199951171875,3744.219970703125,3748.570068359375
11/10/2022,3859.889892578125,3958.330078125,3859.889892578125,3956.3701171875
11/11/2022,3963.719970703125,4001.47998046875,3944.820068359375,3992.929931640625
11/14/2022,3977.969970703125,4008.969970703125,3956.39990234375,3957.25
11/15/2022,4006.409912109375,4028.840087890625,3953.169921875,3991.72998046875
11/16/2022,3976.820068359375,3983.090087890625,3954.340087890625,3958.7900390625
11/17/2022,3919.260009765625,3954.330078125,3906.5400390625,3946.56005859375
11/18/2022,3966.389892578125,3979.889892578125,3935.97998046875,3965.340087890625
11/21/2022,3956.22998046875,3962.0,3933.340087890625,3949.93994140625
11/22/2022,3965.510009765625,4005.8798828125,3956.8798828125,4003.580078125
11/23/2022,4000.300048828125,4033.780029296875,3998.659912109375,4027.260009765625
11/25/2022,4023.340087890625,4034.02001953125,4020.760009765625,4026.1201171875
11/28/2022,4005.360107421875,4012.27001953125,3955.77001953125,3963.93994140625
11/29/2022,3964.18994140625,3976.77001953125,3937.64990234375,3957.6298828125
11/30/2022,3957.179931640625,4080.110107421875,3938.580078125,4080.110107421875
12/01/2022,4087.139892578125,4100.509765625,4050.8701171875,4076.570068359375
12/02/2022,4040.169921875,4080.47998046875,4026.6298828125,4071.699951171875
12/05/2022,4052.02001953125,4052.449951171875,3984.489990234375,3998.840087890625
12/06/2022,3996.6298828125,4001.510009765625,3918.389892578125,3941.260009765625
12/07/2022,3933.280029296875,3957.570068359375,3922.679931640625,3933.919921875
12/08/2022,3947.7900390625,3974.18994140625,3935.830078125,3963.510009765625
12/09/2022,3954.169921875,3977.02001953125,3933.0400390625,3934.3798828125
12/12/2022,3939.2900390625,3990.7099609375,3935.300048828125,3990.56005859375
12/13/2022,4069.3798828125,4100.9599609375,3993.030029296875,4019.64990234375
12/14/2022,4015.5400390625,4053.760009765625,3965.64990234375,3995.320068359375
12/15/2022,3958.3701171875,3958.3701171875,3879.449951171875,3895.75
12/16/2022,3890.909912109375,3890.909912109375,3827.909912109375,3852.360107421875
12/19/2022,3853.7900390625,3854.860107421875,3800.0400390625,3817.659912109375
12/20/2022,3810.469970703125,3838.239990234375,3795.6201171875,3821.6201171875
12/21/2022,3839.489990234375,3889.820068359375,3839.489990234375,3878.43994140625
12/22/2022,3853.260009765625,3853.260009765625,3764.489990234375,3822.389892578125
12/23/2022,3815.110107421875,3845.800048828125,3797.010009765625,3844.820068359375
12/27/2022,3843.340087890625,3846.64990234375,3813.219970703125,3829.25
12/28/2022,3829.56005859375,3848.320068359375,3780.780029296875,3783.219970703125
12/29/2022,3805.449951171875,3858.18994140625,3805.449951171875,3849.280029296875
12/30/2022,3829.06005859375,3839.85009765625,3800.340087890625,3839.5
01/03/2023,3853.2900390625,3878.4599609375,3794.330078125,3824.139892578125
01/04/2023,3840.360107421875,3873.159912109375,3815.77001953125,3852.969970703125
01/05/2023,3839.739990234375,3839.739990234375,3802.419921875,3808.10009765625
01/06/2023,3823.3701171875,3906.18994140625,3809.56005859375,3895.080078125
01/09/2023,3910.820068359375,3950.570068359375,3890.419921875,3892.090087890625
01/10/2023,3888.570068359375,3919.830078125,3877.2900390625,3919.25
01/11/2023,3932.35009765625,3970.070068359375,3928.5400390625,3969.610107421875
01/12/2023,3977.570068359375,3997.760009765625,3937.56005859375,3983.169921875
01/13/2023,3960.60009765625,4003.949951171875,3947.669921875,3999.090087890625
01/17/2023,3999.280029296875,4015.389892578125,3984.570068359375,3990.969970703125
01/18/2023,4002.25,4014.159912109375,3926.590087890625,3928.860107421875
01/19/2023,3911.840087890625,3922.93994140625,3885.5400390625,3898.85009765625
01/20/2023,3909.0400390625,3972.9599609375,3897.860107421875,3972.610107421875
01/23/2023,3978.139892578125,4039.31005859375,3971.639892578125,4019.81005859375
01/24/2023,4001.739990234375,4023.919921875,3989.7900390625,4016.949951171875
01/25/2023,3982.7099609375,4019.550048828125,3949.06005859375,4016.219970703125
01/26/2023,4036.080078125,4061.570068359375,4013.2900390625,4060.429931640625
01/27/2023,4053.719970703125,4094.2099609375,4048.699951171875,4070.56005859375
01/30/2023,4049.27001953125,4063.85009765625,4015.550048828125,4017.77001953125
01/31/2023,4020.85009765625,4077.159912109375,4020.43994140625,4076.60009765625
02/01/2023,4070.070068359375,4148.9501953125,4037.199951171875,4119.2099609375
02/02/2023,4158.68017578125,4195.43994140625,4141.8798828125,4179.759765625
02/03/2023,4136.68994140625,4182.35986328125,4123.35986328125,4136.47998046875
02/06/2023,4119.56982421875,4124.6298828125,4093.3798828125,4111.080078125
02/07/2023,4105.35009765625,4176.5400390625,4088.389892578125,4164.0
02/08/2023,4153.47021484375,4156.85009765625,4111.669921875,4117.85986328125
02/09/2023,4144.25,4156.22998046875,4069.669921875,4081.5
02/10/2023,4068.919921875,4094.360107421875,4060.7900390625,4090.4599609375
02/13/2023,4096.6201171875,4138.89990234375,4092.669921875,4137.2900390625
02/14/2023,4126.7001953125,4159.77001953125,4095.010009765625,4136.1298828125
02/15/2023,4119.5,4148.10986328125,4103.97998046875,4147.60009765625
02/16/2023,4114.75,4136.5400390625,4089.489990234375,4090.409912109375
02/17/2023,4077.389892578125,4081.510009765625,4047.949951171875,4079.090087890625
02/21/2023,4052.35009765625,4052.35009765625,3995.18994140625,3997.340087890625
02/22/2023,4001.830078125,4017.3701171875,3976.89990234375,3991.050048828125
02/23/2023,4018.60009765625,4028.300048828125,3969.18994140625,4012.320068359375
02/24/2023,3973.239990234375,3978.25,3943.080078125,3970.0400390625
02/27/2023,3992.360107421875,4018.050048828125,3973.550048828125,3982.239990234375
02/28/2023,3977.18994140625,3997.5,3968.97998046875,3970.14990234375
03/01/2023,3963.340087890625,3971.72998046875,3939.050048828125,3951.389892578125
03/02/2023,3938.679931640625,3990.840087890625,3928.159912109375,3981.35009765625
03/03/2023,3998.02001953125,4048.2900390625,3995.169921875,4045.639892578125
03/06/2023,4055.14990234375,4078.489990234375,4044.610107421875,4048.419921875
03/07/2023,4048.260009765625,4050.0,3980.31005859375,3986.3701171875
03/08/2023,3987.550048828125,4000.409912109375,3969.760009765625,3992.010009765625
03/09/2023,3998.659912109375,4017.81005859375,3908.699951171875,3918.320068359375
03/10/2023,3912.77001953125,3934.050048828125,3846.320068359375,3861.590087890625
03/13/2023,3835.1201171875,3905.050048828125,3808.860107421875,3855.760009765625
03/14/2023,3894.010009765625,3937.2900390625,3873.6298828125,3919.2900390625
03/15/2023,3876.739990234375,3894.260009765625,3838.239990234375,3891.929931640625
03/16/2023,3878.929931640625,3964.4599609375,3864.110107421875,3960.280029296875
03/17/2023,3958.68994140625,3958.909912109375,3901.27001953125,3916.639892578125
03/20/2023,3917.469970703125,3956.6201171875,3916.889892578125,3951.570068359375
03/21/2023,3975.889892578125,4009.080078125,3971.18994140625,4002.8701171875
03/22/2023,4002.0400390625,4039.489990234375,3936.169921875,3936.969970703125
03/23/2023,3959.2099609375,4007.659912109375,3919.050048828125,3948.719970703125
03/24/2023,3939.2099609375,3972.739990234375,3909.159912109375,3970.989990234375
03/27/2023,3982.929931640625,4003.830078125,3970.489990234375,3977.530029296875
03/28/2023,3974.1298828125,3979.199951171875,3951.530029296875,3971.27001953125
03/29/2023,3999.530029296875,4030.590087890625,3999.530029296875,4027.81005859375
03/30/2023,4046.739990234375,4057.85009765625,4032.10009765625,4050.830078125
03/31/2023,4056.179931640625,4110.75,4056.179931640625,4109.31005859375
04/03/2023,4102.2001953125,4127.66015625,4098.7900390625,4124.509765625
04/04/2023,4128.02978515625,4133.1298828125,4086.8701171875,4100.60009765625
04/05/2023,4094.5,4099.68994140625,4072.56005859375,4090.3798828125
04/06/2023,4081.14990234375,4107.31982421875,4069.840087890625,4105.02001953125
04/10/2023,4085.199951171875,4109.5,4072.550048828125,4109.10986328125
04/11/2023,4110.2900390625,4124.259765625,4102.60986328125,4108.93994140625
04/12/2023,4121.72021484375,4134.3701171875,4086.93994140625,4091.949951171875
04/13/2023,4100.0400390625,4150.259765625,4099.39990234375,4146.22021484375
04/14/2023,4140.10986328125,4163.18994140625,4113.2001953125,4137.64013671875
04/17/2023,4137.169921875,4151.72021484375,4123.18017578125,4151.31982421875
04/18/2023,4164.259765625,4169.47998046875,4140.35986328125,4154.8701171875
04/19/2023,4139.330078125,4162.56982421875,4134.490234375,4154.52001953125
04/20/2023,4130.47998046875,4148.56982421875,4114.56982421875,4129.7900390625
04/21/2023,4132.14013671875,4138.02001953125,4113.85986328125,4133.52001953125
04/24/2023,4132.06982421875,4142.41015625,4117.77001953125,4137.0400390625
04/25/2023,4126.43017578125,4126.43017578125,4071.3798828125,4071.6298828125
04/26/2023,4087.780029296875,4089.669921875,4049.35009765625,4055.989990234375
04/27/2023,4075.2900390625,4138.240234375,4075.2900390625,4135.35009765625
04/28/2023,4129.6298828125,4170.06005859375,4127.18017578125,4169.47998046875
05/01/2023,4166.7900390625,4186.919921875,4164.1201171875,4167.8701171875
05/02/2023,4164.10009765625,4164.10009765625,4089.719970703125,4119.580078125
05/03/2023,4122.25,4148.2998046875,4088.860107421875,4090.75
05/04/2023,4082.550048828125,4082.610107421875,4048.280029296875,4061.219970703125
05/05/2023,4084.72998046875,4147.02001953125,4084.72998046875,4136.25
05/08/2023,4136.97998046875,4142.2998046875,4123.81005859375,4138.1201171875
05/09/2023,4124.25,4130.35009765625,4116.64990234375,4119.169921875
05/10/2023,4143.740234375,4154.27978515625,4098.919921875,4137.64013671875
05/11/2023,4132.240234375,4132.7998046875,4109.2900390625,4130.6201171875
05/12/2023,4138.5400390625,4143.740234375,4099.1201171875,4124.080078125
05/15/2023,4126.64990234375,4141.25,4110.27001953125,4136.27978515625
05/16/2023,4127.9501953125,4135.5400390625,4109.85986328125,4109.89990234375
05/17/2023,4122.85009765625,4164.669921875,4113.6201171875,4158.77001953125
05/18/2023,4157.68017578125,4202.2001953125,4153.5,4198.0498046875
05/19/2023,4204.14990234375,4212.91015625,4180.2001953125,4191.97998046875
05/22/2023,4190.77978515625,4209.22021484375,4179.68017578125,4192.6298828125
05/23/2023,4176.7998046875,4185.68017578125,4142.5400390625,4145.580078125
05/24/2023,4132.9599609375,4132.9599609375,4103.97998046875,4115.240234375
05/25/2023,4155.7099609375,4165.740234375,4129.72998046875,4151.27978515625
05/26/2023,4156.16015625,4212.8701171875,4156.16015625,4205.4501953125
05/30/2023,4226.7099609375,4231.10009765625,4192.18017578125,4205.52001953125
05/31/2023,4190.740234375,4195.43994140625,4166.14990234375,4179.830078125
06/01/2023,4183.02978515625,4232.43017578125,4171.64013671875,4221.02001953125
06/02/2023,4241.009765625,4290.669921875,4241.009765625,4282.3701171875
06/05/2023,4282.990234375,4299.27978515625,4266.81982421875,4273.7900390625
06/06/2023,4271.33984375,4288.330078125,4263.08984375,4283.85009765625
06/07/2023,4285.47021484375,4299.18994140625,4263.9599609375,4267.52001953125
06/08/2023,4268.68994140625,4298.009765625,4261.06982421875,4293.93017578125
06/09/2023,4304.8798828125,4322.6201171875,4291.7001953125,4298.85986328125
06/12/2023,4308.31982421875,4340.1298828125,4304.3701171875,4338.93017578125
06/13/2023,4352.60986328125,4375.3701171875,4349.31005859375,4369.009765625
06/14/2023,4366.2900390625,4391.81982421875,4337.85009765625,4372.58984375
06/15/2023,4365.330078125,4439.2001953125,4362.60009765625,4425.83984375
06/16/2023,4440.9501953125,4448.47021484375,4407.43994140625,4409.58984375
06/20/2023,4396.10986328125,4400.14990234375,4367.18994140625,4388.7099609375
06/21/2023,4380.009765625,4386.22021484375,4360.14013671875,4365.68994140625
06/22/2023,4355.39990234375,4382.25,4351.81982421875,4381.89013671875
06/23/2023,4354.169921875,4366.5498046875,4341.33984375,4348.330078125
06/26/2023,4344.83984375,4362.06005859375,4328.080078125,4328.81982421875
06/27/2023,4337.35986328125,4384.419921875,4335.0,4378.41015625
06/28/2023,4367.47998046875,4390.35009765625,4360.22021484375,4376.85986328125
06/29/2023,4374.93994140625,4398.39013671875,4371.97021484375,4396.43994140625
06/30/2023,4422.43994140625,4458.47998046875,4422.43994140625,4450.3798828125
07/03/2023,4450.47998046875,4456.4599609375,4442.2900390625,4455.58984375
07/05/2023,4442.0400390625,4454.06005859375,4436.60986328125,4446.81982421875
07/06/2023,4422.6201171875,4422.6201171875,4385.0498046875,4411.58984375
07/07/2023,4404.5400390625,4440.39013671875,4397.39990234375,4398.9501953125
07/10/2023,4394.22998046875,4412.60009765625,4389.919921875,4409.52978515625
07/11/2023,4415.5498046875,4443.64013671875,4408.4599609375,4439.259765625
07/12/2023,4467.68994140625,4488.33984375,4463.22998046875,4472.16015625
07/13/2023,4491.5,4517.3798828125,4489.35986328125,4510.0400390625
07/14/2023,4514.60986328125,4527.759765625,4499.56005859375,4505.419921875
07/17/2023,4508.85986328125,4532.85009765625,4504.89990234375,4522.7900390625
07/18/2023,4521.77978515625,4562.2998046875,4514.58984375,4554.97998046875
07/19/2023,4563.8701171875,4578.43017578125,4557.47998046875,4565.72021484375
07/20/2023,4554.3798828125,4564.740234375,4527.56005859375,4534.8701171875
07/21/2023,4550.16015625,4555.0,4535.7900390625,4536.33984375
07/24/2023,4543.39013671875,4563.41015625,4541.2900390625,4554.64013671875
07/25/2023,4555.18994140625,4580.6201171875,4552.419921875,4567.4599609375
07/26/2023,4558.9599609375,4582.47021484375,4547.580078125,4566.75
07/27/2023,4598.259765625,4607.06982421875,4528.56005859375,4537.41015625
07/28/2023,4565.75,4590.16015625,4564.009765625,4582.22998046875
07/31/2023,4584.81982421875,4594.22021484375,4573.14013671875,4588.9599609375
08/01/2023,4578.830078125,4584.6201171875,4567.52978515625,4576.72998046875
08/02/2023,4550.93017578125,4550.93017578125,4505.75,4513.39013671875
08/03/2023,4494.27001953125,4519.490234375,4485.5400390625,4501.89013671875
08/04/2023,4513.9599609375,4540.33984375,4474.5498046875,4478.02978515625
08/07/2023,4491.580078125,4519.83984375,4491.14990234375,4518.43994140625
08/08/2023,4498.02978515625,4503.31005859375,4464.39013671875,4499.3798828125
08/09/2023,4501.56982421875,4502.43994140625,4461.330078125,4467.7099609375
08/10/2023,4487.16015625,4527.3701171875,4457.919921875,4468.830078125
08/11/2023,4450.68994140625,4476.22998046875,4443.97998046875,4464.0498046875
08/14/2023,4458.1298828125,4490.330078125,4453.43994140625,4489.72021484375
08/15/2023,4478.8701171875,4478.8701171875,4432.18994140625,4437.85986328125
08/16/2023,4433.7900390625,4449.9501953125,4403.5498046875,4404.330078125
08/17/2023,4416.31982421875,4421.169921875,4364.830078125,4370.35986328125
08/18/2023,4344.8798828125,4381.81982421875,4335.31005859375,4369.7099609375
08/21/2023,4380.27978515625,4407.5498046875,4360.2998046875,4399.77001953125
08/22/2023,4415.330078125,4418.58984375,4382.77001953125,4387.5498046875
08/23/2023,4396.43994140625,4443.18017578125,4396.43994140625,4436.009765625
08/24/2023,4455.16015625,4458.2998046875,4375.5498046875,4376.31005859375
08/25/2023,4389.3798828125,4418.4599609375,4356.2900390625,4405.7099609375
08/28/2023,4426.02978515625,4439.56005859375,4414.97998046875,4433.31005859375
08/29/2023,4432.75,4500.14013671875,4431.68017578125,4497.6298828125
08/30/2023,4500.33984375,4521.64990234375,4493.58984375,4514.8701171875
08/31/2023,4517.009765625,4532.259765625,4507.39013671875,4507.66015625
09/01/2023,4530.60009765625,4541.25,4501.35009765625,4515.77001953125
09/05/2023,4510.06005859375,4514.2900390625,4496.009765625,4496.830078125
09/06/2023,4490.35009765625,4490.35009765625,4442.3798828125,4465.47998046875
09/07/2023,4434.5498046875,4457.81005859375,4430.4599609375,4451.14013671875
09/08/2023,4451.2998046875,4473.52978515625,4448.3798828125,4457.490234375
09/11/2023,4480.97998046875,4490.77001953125,4467.89013671875,4487.4599609375
09/12/2023,4473.27001953125,4487.10986328125,4456.830078125,4461.89990234375
09/13/2023,4462.64990234375,4479.39013671875,4453.52001953125,4467.43994140625
09/14/2023,4487.77978515625,4511.990234375,4478.68994140625,4505.10009765625
09/15/2023,4497.97998046875,4497.97998046875,4447.2099609375,4450.31982421875
09/18/2023,4445.1298828125,4466.35986328125,4442.10986328125,4453.52978515625
09/19/2023,4445.41015625,4449.85009765625,4416.60986328125,4443.9501953125
09/20/2023,4452.81005859375,4461.02978515625,4401.3798828125,4402.2001953125
09/21/2023,4374.35986328125,4375.7001953125,4329.169921875,4330.0
09/22/2023,4341.740234375,4357.39990234375,4316.490234375,4320.06005859375
09/25/2023,4310.6201171875,4338.509765625,4302.7001953125,4337.43994140625
09/26/2023,4312.8798828125,4313.009765625,4265.97998046875,4273.52978515625
09/27/2023,4282.6298828125,4292.06982421875,4238.6298828125,4274.509765625
09/28/2023,4269.64990234375,4317.27001953125,4264.3798828125,4299.7001953125
09/29/2023,4328.18017578125,4333.14990234375,4274.85986328125,4288.0498046875
10/02/2023,4284.52001953125,4300.580078125,4260.2099609375,4288.39013671875
10/03/2023,4269.75,4281.14990234375,4216.4501953125,4229.4501953125
10/04/2023,4233.830078125,4268.5,4220.47998046875,4263.75
10/05/2023,4259.31005859375,4267.1298828125,4225.91015625,4258.18994140625
10/06/2023,4234.7900390625,4324.10009765625,4219.5498046875,4308.5
10/09/2023,4289.02001953125,4341.72998046875,4283.7900390625,4335.66015625
10/10/2023,4339.75,4385.4599609375,4339.64013671875,4358.240234375
10/11/2023,4366.58984375,4378.64013671875,4345.33984375,4376.9501953125
10/12/2023,4380.93994140625,4385.85009765625,4325.43017578125,4349.60986328125
10/13/2023,4360.490234375,4377.10009765625,4311.97021484375,4327.77978515625
10/16/2023,4342.3701171875,4383.330078125,4342.3701171875,4373.6298828125
10/17/2023,4345.22998046875,4393.56982421875,4337.5400390625,4373.2001953125
10/18/2023,4357.35009765625,4364.2001953125,4303.83984375,4314.60009765625
10/19/2023,4321.35986328125,4339.5400390625,4269.68994140625,4278.0
10/20/2023,4273.85009765625,4276.56005859375,4223.02978515625,4224.16015625
10/23/2023,4210.39990234375,4255.83984375,4189.22021484375,4217.0400390625
10/24/2023,4235.7900390625,4259.3798828125,4219.43017578125,4247.68017578125
10/25/2023,4232.419921875,4232.419921875,4181.419921875,4186.77001953125
10/26/2023,4175.990234375,4183.60009765625,4127.89990234375,4137.22998046875
10/27/2023,4152.93017578125,4156.7001953125,4103.77978515625,4117.3701171875
10/30/2023,4139.39013671875,4177.47021484375,4132.93994140625,4166.81982421875
10/31/2023,4171.330078125,4195.5498046875,4153.1201171875,4193.7998046875
11/01/2023,4201.27001953125,4245.64013671875,4197.740234375,4237.85986328125
11/02/2023,4268.259765625,4319.72021484375,4268.259765625,4317.77978515625
11/03/2023,4334.22998046875,4373.6201171875,4334.22998046875,4358.33984375
11/06/2023,4364.27001953125,4372.2099609375,4347.52978515625,4365.97998046875
11/07/2023,4366.2099609375,4386.259765625,4355.41015625,4378.3798828125
11/08/2023,4384.3701171875,4391.2001953125,4359.759765625,4382.77978515625
11/09/2023,4391.41015625,4393.39990234375,4343.93994140625,4347.35009765625
11/10/2023,4364.14990234375,4418.02978515625,4353.33984375,4415.240234375
11/13/2023,4406.66015625,4421.759765625,4393.81982421875,4411.5498046875
11/14/2023,4458.97021484375,4508.669921875,4458.97021484375,4495.7001953125
11/15/2023,4505.2998046875,4521.169921875,4495.31005859375,4502.8798828125
11/16/2023,4497.080078125,4511.990234375,4487.830078125,4508.240234375
11/17/2023,4509.5498046875,4520.1201171875,4499.66015625,4514.02001953125
11/20/2023,4511.7001953125,4557.10986328125,4510.35986328125,4547.3798828125
11/21/2023,4538.77001953125,4542.14013671875,4525.509765625,4538.18994140625
11/22/2023,4553.0400390625,4568.43017578125,4545.0498046875,4556.6201171875
11/24/2023,4555.83984375,4560.31005859375,4552.7998046875,4559.33984375
11/27/2023,4554.85986328125,4560.52001953125,4546.31982421875,4550.43017578125
11/28/2023,4545.5498046875,4568.14013671875,4540.509765625,4554.89013671875
11/29/2023,4571.83984375,4587.64013671875,4547.14990234375,4550.580078125
11/30/2023,4554.8701171875,4569.89013671875,4537.240234375,4567.7998046875
12/01/2023,4559.43017578125,4599.39013671875,4554.7099609375,4594.6298828125
12/04/2023,4564.3701171875,4572.3701171875,4546.72021484375,4569.77978515625
12/05/2023,4557.25,4578.56005859375,4551.68017578125,4567.18017578125
12/06/2023,4586.22998046875,4590.740234375,4546.5,4549.33984375
12/07/2023,4568.83984375,4590.919921875,4565.22021484375,4585.58984375
12/08/2023,4576.2001953125,4609.22998046875,4574.06005859375,4604.3701171875
12/11/2023,4593.39013671875,4623.7099609375,4593.39013671875,4622.43994140625
12/12/2023,4618.2998046875,4643.93017578125,4608.08984375,4643.7001953125
12/13/2023,4646.2001953125,4709.68994140625,4643.22998046875,4707.08984375
12/14/2023,4721.0400390625,4738.56982421875,4694.33984375,4719.5498046875
12/15/2023,4714.22998046875,4725.52978515625,4704.68994140625,4719.18994140625
12/18/2023,4725.580078125,4749.52001953125,4725.580078125,4740.56005859375
12/19/2023,4743.72021484375,4768.68994140625,4743.72021484375,4768.3701171875
12/20/2023,4764.72998046875,4778.009765625,4697.81982421875,4698.35009765625
12/21/2023,4724.2900390625,4748.7099609375,4708.35009765625,4746.75
12/22/2023,4753.919921875,4772.93994140625,4736.77001953125,4754.6298828125
12/26/2023,4758.85986328125,4784.72021484375,4758.4501953125,4774.75
12/27/2023,4773.4501953125,4785.39013671875,4768.89990234375,4781.580078125
12/28/2023,4786.43994140625,4793.2998046875,4780.97998046875,4783.35009765625
12/29/2023,4782.8798828125,4788.43017578125,4751.990234375,4769.830078125
01/02/2024,4745.2001953125,4754.330078125,4722.669921875,4742.830078125
01/03/2024,4725.06982421875,4729.2900390625,4699.7099609375,4704.81005859375
01/04/2024,4697.419921875,4726.77978515625,4687.52978515625,4688.68017578125
01/05/2024,4690.56982421875,4721.490234375,4682.10986328125,4697.240234375
01/08/2024,4703.7001953125,4764.5400390625,4699.81982421875,4763.5400390625
01/09/2024,4741.93017578125,4765.47021484375,4730.35009765625,4756.5
01/10/2024,4759.93994140625,4790.7998046875,4756.2001953125,4783.4501953125
01/11/2024,4792.1298828125,4798.5,4739.580078125,4780.240234375
01/12/2024,4791.18017578125,4802.39990234375,4768.97998046875,4783.830078125
01/16/2024,4772.35009765625,4782.33984375,4747.1201171875,4765.97998046875
01/17/2024,4739.1298828125,4744.22998046875,4714.81982421875,4739.2099609375
01/18/2024,4760.10009765625,4785.7900390625,4740.56982421875,4780.93994140625
01/19/2024,4796.27978515625,4842.06982421875,4785.8701171875,4839.81005859375
01/22/2024,4853.419921875,4868.41015625,4844.0498046875,4850.43017578125
01/23/2024,4856.7998046875,4866.47998046875,4844.3701171875,4864.60009765625
01/24/2024,4888.56005859375,4903.68017578125,4865.93994140625,4868.5498046875
01/25/2024,4886.66015625,4898.14990234375,4869.33984375,4894.16015625
01/26/2024,4888.91015625,4906.68994140625,4881.47021484375,4890.97021484375
01/29/2024,4892.9501953125,4929.31005859375,4887.39990234375,4927.93017578125
01/30/2024,4925.89013671875,4931.08984375,4916.27001953125,4924.97021484375
01/31/2024,4899.18994140625,4906.75,4845.14990234375,4845.64990234375
02/01/2024,4861.10986328125,4906.97021484375,4853.52001953125,4906.18994140625
02/02/2024,4916.06005859375,4975.2900390625,4907.990234375,4958.60986328125
02/05/2024,4957.18994140625,4957.18994140625,4918.08984375,4942.81005859375
02/06/2024,4950.16015625,4957.77001953125,4934.8798828125,4954.22998046875
02/07/2024,4973.0498046875,4999.89013671875,4969.0498046875,4995.06005859375
02/08/2024,4995.16015625,5000.39990234375,4987.08984375,4997.91015625
02/09/2024,5004.169921875,5030.06005859375,5000.33984375,5026.60986328125
02/12/2024,5026.830078125,5048.39013671875,5016.830078125,5021.83984375
02/13/2024,4967.93994140625,4971.2998046875,4920.31005859375,4953.169921875
02/14/2024,4976.43994140625,5002.52001953125,4956.4501953125,5000.6201171875
02/15/2024,5003.14013671875,5032.72021484375,4999.43994140625,5029.72998046875
02/16/2024,5031.1298828125,5038.7001953125,4999.52001953125,5005.56982421875
02/20/2024,4989.31982421875,4993.7099609375,4955.02001953125,4975.509765625
02/21/2024,4963.02978515625,4983.2099609375,4946.0,4981.7998046875
02/22/2024,5038.830078125,5094.39013671875,5038.830078125,5087.02978515625
02/23/2024,5100.919921875,5111.06005859375,5081.4599609375,5088.7998046875
02/26/2024,5093.0,5097.66015625,5068.91015625,5069.52978515625
02/27/2024,5074.60009765625,5080.68994140625,5057.2900390625,5078.18017578125
02/28/2024,5067.2001953125,5077.3701171875,5058.35009765625,5069.759765625
02/29/2024,5085.35986328125,5104.990234375,5061.89013671875,5096.27001953125
03/01/2024,5098.509765625,5140.330078125,5094.16015625,5137.080078125
03/04/2024,5130.990234375,5149.669921875,5127.18017578125,5130.9501953125
03/05/2024,5110.52001953125,5114.5400390625,5056.81982421875,5078.64990234375
03/06/2024,5108.02978515625,5127.97021484375,5092.22021484375,5104.759765625
03/07/2024,5132.3798828125,5165.6201171875,5128.2099609375,5157.35986328125
03/08/2024,5164.4599609375,5189.259765625,5117.5,5123.68994140625
03/11/2024,5111.9599609375,5124.66015625,5091.14013671875,5117.93994140625
03/12/2024,5134.2998046875,5179.8701171875,5114.47998046875,5175.27001953125
03/13/2024,5173.490234375,5179.14013671875,5151.8798828125,5165.31005859375
03/14/2024,5175.14013671875,5176.85009765625,5123.2998046875,5150.47998046875
03/15/2024,5123.31005859375,5136.85986328125,5104.35009765625,5117.08984375
03/18/2024,5154.77001953125,5175.60009765625,5145.47021484375,5149.419921875
03/19/2024,5139.08984375,5180.31005859375,5131.58984375,5178.509765625
03/20/2024,5181.68994140625,5226.18994140625,5171.5498046875,5224.6201171875
03/21/2024,5253.43017578125,5261.10009765625,5240.66015625,5241.52978515625
03/22/2024,5242.47998046875,5246.08984375,5229.8701171875,5234.18017578125
03/25/2024,5219.52001953125,5229.08984375,5216.08984375,5218.18994140625
03/26/2024,5228.85009765625,5235.16015625,5203.419921875,5203.580078125
03/27/2024,5226.31005859375,5249.259765625,5213.919921875,5248.490234375
03/28/2024,5248.02978515625,5264.85009765625,5245.81982421875,5254.35009765625
04/01/2024,5257.97021484375,5263.9501953125,5229.2001953125,5243.77001953125
04/02/2024,5204.2900390625,5208.33984375,5184.0498046875,5205.81005859375
04/03/2024,5194.3701171875,5228.75,5194.3701171875,5211.490234375
04/04/2024,5244.0498046875,5256.58984375,5146.06005859375,5147.2099609375
04/05/2024,5158.9501953125,5222.18017578125,5157.2099609375,5204.33984375
04/08/2024,5211.3701171875,5219.56982421875,5197.35009765625,5202.39013671875
04/09/2024,5217.02978515625,5224.81005859375,5160.77978515625,5209.91015625
04/10/2024,5167.8798828125,5178.43017578125,5138.7001953125,5160.64013671875
04/11/2024,5172.9501953125,5211.77978515625,5138.77001953125,5199.06005859375
04/12/2024,5171.509765625,5175.02978515625,5107.93994140625,5123.41015625
04/15/2024,5149.669921875,5168.43017578125,5052.47021484375,5061.81982421875
04/16/2024,5064.58984375,5079.83984375,5039.830078125,5051.41015625
04/17/2024,5068.97021484375,5077.9599609375,5007.25,5022.2099609375
04/18/2024,5031.52001953125,5056.66015625,5001.89013671875,5011.1201171875
04/19/2024,5005.43994140625,5019.02001953125,4953.56005859375,4967.22998046875
04/22/2024,4987.330078125,5038.83984375,4969.39990234375,5010.60009765625
04/23/2024,5028.85009765625,5076.1201171875,5027.9599609375,5070.5498046875
04/24/2024,5084.85986328125,5089.47998046875,5047.02001953125,5071.6298828125
04/25/2024,5019.8798828125,5057.75,4990.580078125,5048.419921875
04/26/2024,5084.64990234375,5114.6201171875,5073.14013671875,5099.9599609375
04/29/2024,5114.1298828125,5123.490234375,5088.64990234375,5116.169921875
04/30/2024,5103.77978515625,5110.830078125,5035.31005859375,5035.68994140625
05/01/2024,5029.02978515625,5096.1201171875,5013.4501953125,5018.39013671875
05/02/2024,5049.31982421875,5073.2099609375,5011.0498046875,5064.2001953125
05/03/2024,5122.77978515625,5139.1201171875,5101.22021484375,5127.7900390625
05/06/2024,5142.419921875,5181.0,5142.419921875,5180.740234375
05/07/2024,5187.2001953125,5200.22998046875,5178.9599609375,5187.7001953125
05/08/2024,5168.97998046875,5191.9501953125,5165.85986328125,5187.669921875
05/09/2024,5189.02978515625,5215.2998046875,5180.41015625,5214.080078125
05/10/2024,5225.490234375,5239.66015625,5209.68017578125,5222.68017578125
05/13/2024,5233.080078125,5237.259765625,5211.16015625,5221.419921875
05/14/2024,5221.10009765625,5250.3701171875,5217.97998046875,5246.68017578125
05/15/2024,5263.259765625,5311.759765625,5263.259765625,5308.14990234375
05/16/2024,5310.06982421875,5325.490234375,5296.18994140625,5297.10009765625
05/17/2024,5303.10009765625,5305.4501953125,5283.58984375,5303.27001953125
05/20/2024,5305.35009765625,5325.31982421875,5302.39990234375,5308.1298828125
05/21/2024,5298.68994140625,5324.31982421875,5297.8701171875,5321.41015625
05/22/2024,5319.27978515625,5323.18017578125,5286.009765625,5307.009765625
05/23/2024,5340.259765625,5341.8798828125,5256.93017578125,5267.83984375
05/24/2024,5281.4501953125,5311.64990234375,5278.39013671875,5304.72021484375
05/28/2024,5315.91015625,5315.91015625,5280.89013671875,5306.0400390625
05/29/2024,5278.72998046875,5282.27001953125,5262.7001953125,5266.9501953125
05/30/2024,5259.77001953125,5260.2099609375,5222.10009765625,5235.47998046875
05/31/2024,5243.2099609375,5280.330078125,5191.68017578125,5277.509765625
06/03/2024,5297.14990234375,5302.10986328125,5234.31982421875,5283.39990234375
06/04/2024,5278.240234375,5298.7998046875,5257.6298828125,5291.33984375
06/05/2024,5314.47998046875,5354.16015625,5297.64013671875,5354.02978515625
06/06/2024,5357.7998046875,5362.35009765625,5335.35986328125,5352.9599609375
06/07/2024,5343.81005859375,5375.080078125,5331.330078125,5346.990234375
06/10/2024,5341.22021484375,5365.7900390625,5331.52001953125,5360.7900390625
06/11/2024,5353.0,5375.9501953125,5327.25,5375.31982421875
06/12/2024,5409.1298828125,5447.25,5409.1298828125,5421.02978515625
06/13/2024,5441.93017578125,5441.93017578125,5402.509765625,5433.740234375
06/14/2024,5424.080078125,5432.39013671875,5403.75,5431.60009765625
06/17/2024,5431.10986328125,5488.5,5420.39990234375,5473.22998046875
06/18/2024,5476.14990234375,5490.3798828125,5471.31982421875,5487.02978515625
06/20/2024,5499.990234375,5505.52978515625,5455.56005859375,5473.169921875
06/21/2024,5466.77001953125,5478.31005859375,5452.02978515625,5464.6201171875
06/24/2024,5459.580078125,5490.66015625,5447.58984375,5447.8701171875
06/25/2024,5460.72998046875,5472.8798828125,5446.56005859375,5469.2998046875
06/26/2024,5460.7099609375,5483.14013671875,5451.8701171875,5477.89990234375
06/27/2024,5473.58984375,5490.81005859375,5467.5400390625,5482.8701171875
06/28/2024,5488.47998046875,5523.64013671875,5451.1201171875,5460.47998046875
07/01/2024,5471.080078125,5479.5498046875,5446.52978515625,5475.08984375
07/02/2024,5461.83984375,5509.68994140625,5458.43017578125,5509.009765625
07/03/2024,5507.43994140625,5539.27001953125,5507.419921875,5537.02001953125
07/05/2024,5537.91015625,5570.330078125,5531.6298828125,5567.18994140625
07/08/2024,5572.75,5583.10986328125,5562.509765625,5572.85009765625
07/09/2024,5584.240234375,5590.75,5574.56982421875,5576.97998046875
07/10/2024,5591.259765625,5635.39013671875,5586.43994140625,5633.91015625
07/11/2024,5635.2099609375,5642.4501953125,5576.52978515625,5584.5400390625
07/12/2024,5590.759765625,5655.56005859375,5590.43994140625,5615.35009765625
07/15/2024,5638.16015625,5666.93994140625,5614.75,5631.22021484375
07/16/2024,5644.08984375,5669.669921875,5639.02001953125,5667.2001953125
07/17/2024,5610.06982421875,5622.490234375,5584.81005859375,5588.27001953125
07/18/2024,5608.56005859375,5614.0498046875,5522.81005859375,5544.58984375
07/19/2024,5543.3701171875,5557.5,5497.0400390625,5505.0
07/22/2024,5544.5400390625,5570.35986328125,5529.0400390625,5564.41015625
07/23/2024,5565.2998046875,5585.33984375,5550.89990234375,5555.740234375
07/24/2024,5505.83984375,5508.0400390625,5419.97998046875,5427.1298828125
07/25/2024,5428.7001953125,5491.58984375,5390.9501953125,5399.22021484375
07/26/2024,5433.669921875,5488.31982421875,5430.7001953125,5459.10009765625
07/29/2024,5476.5498046875,5487.740234375,5444.43994140625,5463.5400390625
07/30/2024,5478.72998046875,5489.4599609375,5401.7001953125,5436.43994140625
07/31/2024,5505.58984375,5551.509765625,5493.75,5522.2998046875
08/01/2024,5537.83984375,5566.16015625,5410.419921875,5446.68017578125
08/02/2024,5376.6298828125,5383.89013671875,5302.02978515625,5346.56005859375
08/05/2024,5151.14013671875,5250.89013671875,5119.259765625,5186.330078125
08/06/2024,5206.419921875,5312.33984375,5193.56005859375,5240.02978515625
08/07/2024,5293.1298828125,5330.64013671875,5195.5400390625,5199.5
08/08/2024,5252.56982421875,5328.02978515625,5233.85009765625,5319.31005859375
08/09/2024,5314.66015625,5358.669921875,5300.83984375,5344.16015625
08/12/2024,5351.8798828125,5371.2001953125,5324.3701171875,5344.39013671875
08/13/2024,5376.97998046875,5436.5,5376.97998046875,5434.43017578125
08/14/2024,5442.35986328125,5463.22021484375,5415.91015625,5455.2099609375
08/15/2024,5501.1298828125,5546.22998046875,5501.1298828125,5543.22021484375
08/16/2024,5530.5,5561.97998046875,5525.169921875,5554.25
08/19/2024,5557.22998046875,5608.2998046875,5550.740234375,5608.25
08/20/2024,5602.8798828125,5620.509765625,5585.5,5597.1201171875
08/21/2024,5603.08984375,5632.68017578125,5591.56982421875,5620.85009765625
08/22/2024,5637.77001953125,5643.22021484375,5560.9501953125,5570.64013671875
08/23/2024,5602.490234375,5641.81982421875,5585.16015625,5634.60986328125
08/26/2024,5639.66015625,5651.6201171875,5602.33984375,5616.83984375
08/27/2024,5602.89013671875,5631.18017578125,5593.47998046875,5625.7998046875
08/28/2024,5624.509765625,5627.02978515625,5560.9501953125,5592.18017578125
08/29/2024,5607.2998046875,5646.9501953125,5583.7099609375,5591.9599609375
08/30/2024,5612.740234375,5651.3701171875,5581.7900390625,5648.39990234375
09/03/2024,5623.89013671875,5623.89013671875,5504.330078125,5528.93017578125
09/04/2024,5506.68017578125,5552.990234375,5503.66015625,5520.06982421875
09/05/2024,5520.080078125,5546.2998046875,5480.5400390625,5503.41015625
09/06/2024,5507.330078125,5522.47021484375,5402.6201171875,5408.419921875
09/09/2024,5442.06982421875,5484.2001953125,5434.490234375,5471.0498046875
09/10/2024,5490.509765625,5497.91015625,5441.72021484375,5495.52001953125
09/11/2024,5496.419921875,5560.41015625,5406.9599609375,5554.1298828125
09/12/2024,5557.47998046875,5600.7099609375,5535.5,5595.759765625
09/13/2024,5603.33984375,5636.27001953125,5601.64990234375,5626.02001953125
09/16/2024,5615.2099609375,5636.0498046875,5604.52978515625,5633.08984375
09/17/2024,5655.509765625,5670.81005859375,5614.0498046875,5634.580078125
09/18/2024,5641.68017578125,5689.75,5615.080078125,5618.259765625
09/19/2024,5702.6298828125,5733.56982421875,5686.419921875,5713.64013671875
09/20/2024,5709.64013671875,5715.14013671875,5674.490234375,5702.5498046875
09/23/2024,5711.89990234375,5725.35986328125,5704.22021484375,5718.56982421875
09/24/2024,5727.66015625,5735.31982421875,5698.990234375,5732.93017578125
09/25/2024,5733.64990234375,5741.02978515625,5712.06005859375,5722.259765625
09/26/2024,5762.22021484375,5767.3701171875,5721.009765625,5745.3701171875
09/27/2024,5755.35986328125,5763.77978515625,5727.33984375,5738.169921875
09/30/2024,5726.52001953125,5765.14013671875,5703.52978515625,5762.47998046875
10/01/2024,5757.72998046875,5757.72998046875,5681.27978515625,5708.75
10/02/2024,5698.14013671875,5719.6298828125,5674.0,5709.5400390625
10/03/2024,5698.18994140625,5718.77978515625,5677.3701171875,5699.93994140625
10/04/2024,5737.47998046875,5753.2099609375,5702.830078125,5751.06982421875
10/07/2024,5737.7998046875,5739.33984375,5686.85009765625,5695.93994140625
10/08/2024,5719.14013671875,5757.60009765625,5714.56005859375,5751.1298828125
10/09/2024,5751.7998046875,5796.7998046875,5745.02001953125,5792.0400390625
10/10/2024,5778.35986328125,5795.02978515625,5764.759765625,5780.0498046875
10/11/2024,5775.08984375,5822.1298828125,5775.08984375,5815.02978515625
10/14/2024,5829.81005859375,5871.41015625,5829.56982421875,5859.85009765625
10/15/2024,5866.740234375,5870.35986328125,5804.47998046875,5815.259765625
10/16/2024,5816.580078125,5846.52001953125,5808.33984375,5842.47021484375
10/17/2024,5875.6201171875,5878.4599609375,5840.25,5841.47021484375
10/18/2024,5859.43017578125,5872.169921875,5846.10986328125,5864.669921875
10/21/2024,5857.81982421875,5866.919921875,5824.7900390625,5853.97998046875
10/22/2024,5832.7001953125,5863.0400390625,5821.169921875,5851.2001953125
10/23/2024,5834.5,5834.85009765625,5762.41015625,5797.419921875
10/24/2024,5817.7998046875,5817.7998046875,5784.919921875,5809.85986328125
10/25/2024,5826.75,5862.81982421875,5799.97998046875,5808.1201171875
10/28/2024,5833.93017578125,5842.919921875,5823.080078125,5823.52001953125
10/29/2024,5819.68017578125,5847.18994140625,5802.169921875,5832.919921875
10/30/2024,5832.64990234375,5850.93994140625,5811.27978515625,5813.669921875
10/31/2024,5775.33984375,5775.33984375,5702.85986328125,5705.4501953125
11/01/2024,5723.22021484375,5772.52001953125,5723.22021484375,5728.7998046875
11/04/2024,5725.14990234375,5741.43017578125,5696.509765625,5712.68994140625
11/05/2024,5722.43017578125,5783.43994140625,5722.10009765625,5782.759765625
11/06/2024,5864.89013671875,5936.14013671875,5864.89013671875,5929.0400390625
11/07/2024,5947.2099609375,5983.83984375,5947.2099609375,5973.10009765625
11/08/2024,5976.759765625,6012.4501953125,5976.759765625,5995.5400390625
11/11/2024,6008.85986328125,6017.31005859375,5986.68994140625,6001.35009765625
11/12/2024,6003.60009765625,6009.919921875,5960.080078125,5983.990234375
11/13/2024,5985.75,6008.18994140625,5965.91015625,5985.3798828125
11/14/2024,5989.68017578125,5993.8798828125,5942.27978515625,5949.169921875
11/15/2024,5912.7900390625,5915.31982421875,5853.009765625,5870.6201171875
11/18/2024,5874.169921875,5908.1201171875,5865.9501953125,5893.6201171875
11/19/2024,5870.0498046875,5923.509765625,5855.2900390625,5916.97998046875
11/20/2024,5914.33984375,5920.669921875,5860.56005859375,5917.10986328125
11/21/2024,5940.580078125,5963.31982421875,5887.259765625,5948.7099609375
11/22/2024,5944.35986328125,5972.89990234375,5944.35986328125,5969.33984375
11/25/2024,5992.27978515625,6020.75,5963.91015625,5987.3701171875
11/26/2024,6000.02978515625,6025.419921875,5992.27001953125,6021.6298828125
11/27/2024,6014.10986328125,6020.16015625,5984.8701171875,5998.740234375
11/29/2024,6003.97998046875,6044.169921875,6003.97998046875,6032.3798828125
12/02/2024,6040.10986328125,6053.580078125,6035.330078125,6047.14990234375
12/03/2024,6042.97021484375,6052.06982421875,6033.39013671875,6049.8798828125
12/04/2024,6069.39013671875,6089.83984375,6061.06005859375,6086.490234375
12/05/2024,6089.02978515625,6094.5498046875,6072.89990234375,6075.10986328125
12/06/2024,6081.3798828125,6099.97021484375,6079.97998046875,6090.27001953125
12/09/2024,6083.009765625,6088.509765625,6048.6298828125,6052.85009765625
12/10/2024,6057.58984375,6065.39990234375,6029.89013671875,6034.91015625
12/11/2024,6060.14990234375,6092.58984375,6060.14990234375,6084.18994140625
12/12/2024,6074.2900390625,6079.68017578125,6051.25,6051.25
12/13/2024,6068.169921875,6078.580078125,6035.77001953125,6051.08984375
12/16/2024,6063.7900390625,6085.18994140625,6059.14013671875,6074.080078125
12/17/2024,6052.5498046875,6057.68017578125,6035.18994140625,6050.60986328125
12/18/2024,6047.64990234375,6070.669921875,5867.7900390625,5872.16015625
12/19/2024,5912.7099609375,5935.52001953125,5866.06982421875,5867.080078125
12/20/2024,5842.0,5982.06005859375,5832.2998046875,5930.85009765625
12/23/2024,5940.25,5978.25,5902.56982421875,5974.06982421875
12/24/2024,5984.6298828125,6040.10009765625,5981.43994140625,6040.0400390625
12/26/2024,6024.97021484375,6049.75,6007.3701171875,6037.58984375
12/27/2024,6006.169921875,6006.169921875,5932.9501953125,5970.83984375
12/30/2024,5920.669921875,5940.7900390625,5869.16015625,5906.93994140625
12/31/2024,5919.740234375,5929.740234375,5868.85986328125,5881.6298828125
01/02/2025,5903.259765625,5935.08984375,5829.52978515625,5868.5498046875
01/03/2025,5891.06982421875,5949.33984375,5888.66015625,5942.47021484375
01/06/2025,5982.81005859375,6021.0400390625,5960.009765625,5975.3798828125
01/07/2025,5993.259765625,6000.68017578125,5890.68017578125,5909.02978515625
01/08/2025,5910.66015625,5927.89013671875,5874.77978515625,5918.25
01/10/2025,5890.35009765625,5890.35009765625,5807.77978515625,5827.0400390625
01/13/2025,5782.02001953125,5838.60986328125,5773.31005859375,5836.22021484375
01/14/2025,5859.27001953125,5871.919921875,5805.419921875,5842.91015625
01/15/2025,5905.2099609375,5960.60986328125,5905.2099609375,5949.91015625
01/16/2025,5963.60986328125,5964.68994140625,5930.72021484375,5937.33984375
01/17/2025,5995.39990234375,6014.9599609375,5978.43994140625,5996.66015625
01/21/2025,6014.1201171875,6051.509765625,6006.8798828125,6049.240234375
01/22/2025,6081.39013671875,6100.81005859375,6076.1298828125,6086.3701171875
01/23/2025,6076.31982421875,6118.72998046875,6074.669921875,6118.7099609375
01/24/2025,6121.43017578125,6128.18017578125,6088.740234375,6101.240234375
01/27/2025,5969.0400390625,6017.169921875,5962.919921875,6012.27978515625
01/28/2025,6026.97021484375,6074.5400390625,5994.6298828125,6067.7001953125
01/29/2025,6057.7001953125,6062.830078125,6012.9599609375,6039.31005859375
01/30/2025,6050.75,6086.64013671875,6027.4599609375,6071.169921875
01/31/2025,6096.7900390625,6120.91015625,6030.93017578125,6040.52978515625
02/03/2025,5969.64990234375,6022.1298828125,5923.93017578125,5994.56982421875
02/04/2025,5998.14013671875,6042.47998046875,5990.8701171875,6037.8798828125
02/05/2025,6020.4501953125,6062.85986328125,6007.06005859375,6061.47998046875
02/06/2025,6072.22021484375,6084.02978515625,6046.830078125,6083.56982421875
02/07/2025,6083.1298828125,6101.27978515625,6019.9599609375,6025.990234375
02/10/2025,6046.39990234375,6073.3798828125,6044.83984375,6066.43994140625
02/11/2025,6049.31982421875,6076.27978515625,6042.33984375,6068.5
02/12/2025,6025.080078125,6063.0,6003.0,6051.97021484375
02/13/2025,6060.58984375,6116.91015625,6050.9501953125,6115.06982421875
02/14/2025,6115.52001953125,6127.47021484375,6107.6201171875,6114.6298828125
02/18/2025,6121.60009765625,6129.6298828125,6099.509765625,6129.580078125
02/19/2025,6117.759765625,6147.43017578125,6111.14990234375,6144.14990234375
02/20/2025,6134.5,6134.5,6084.58984375,6117.52001953125
02/21/2025,6114.10009765625,6114.81982421875,6008.56005859375,6013.1298828125
02/24/2025,6026.68994140625,6043.64990234375,5977.830078125,5983.25
02/25/2025,5982.72998046875,5992.64990234375,5908.490234375,5955.25
02/26/2025,5970.8701171875,6009.81982421875,5932.68994140625,5956.06005859375
02/27/2025,5981.8798828125,5993.68994140625,5858.77978515625,5861.56982421875
02/28/2025,5856.740234375,5959.39990234375,5837.66015625,5954.5
03/03/2025,5968.330078125,5986.08984375,5810.91015625,5849.72021484375
03/04/2025,5811.97998046875,5865.080078125,5732.58984375,5778.14990234375
03/05/2025,5781.35986328125,5860.58984375,5742.35009765625,5842.6298828125
03/06/2025,5785.8701171875,5812.080078125,5711.64013671875,5738.52001953125
03/07/2025,5726.009765625,5783.009765625,5666.2900390625,5770.2001953125
03/10/2025,5705.3701171875,5705.3701171875,5564.02001953125,5614.56005859375
03/11/2025,5603.64990234375,5636.2998046875,5528.41015625,5572.06982421875
03/12/2025,5624.83984375,5642.18994140625,5546.08984375,5599.2998046875
03/13/2025,5594.4501953125,5597.77978515625,5504.64990234375,5521.52001953125
03/14/2025,5563.85009765625,5645.27001953125,5563.85009765625,5638.93994140625
03/17/2025,5635.60009765625,5703.52001953125,5631.1201171875,5675.1201171875
03/18/2025,5654.52978515625,5654.52978515625,5597.759765625,5614.66015625
03/19/2025,5632.3701171875,5715.330078125,5622.2001953125,5675.2900390625
03/20/2025,5646.919921875,5711.14990234375,5632.330078125,5662.89013671875
03/21/2025,5630.72998046875,5670.83984375,5603.10009765625,5667.56005859375
03/24/2025,5718.080078125,5775.14013671875,5718.080078125,5767.56982421875
03/25/2025,5775.9599609375,5786.9501953125,5760.419921875,5776.64990234375
03/26/2025,5771.66015625,5783.6201171875,5694.41015625,5712.2001953125
03/27/2025,5695.64013671875,5732.27978515625,5670.93994140625,5693.31005859375
03/28/2025,5679.2001953125,5685.89013671875,5572.419921875,5580.93994140625
03/31/2025,5527.91015625,5627.56005859375,5488.72998046875,5611.85009765625
04/01/2025,5597.52978515625,5650.56982421875,5558.52001953125,5633.06982421875
04/02/2025,5580.759765625,5695.31005859375,5571.47998046875,5670.97021484375
04/03/2025,5492.740234375,5499.52978515625,5390.830078125,5396.52001953125
04/04/2025,5292.14013671875,5292.14013671875,5069.89990234375,5074.080078125
04/07/2025,4953.7900390625,5246.56982421875,4835.0400390625,5062.25
04/08/2025,5193.56982421875,5267.47021484375,4910.419921875,4982.77001953125
04/09/2025,4965.27978515625,5481.33984375,4948.43017578125,5456.89990234375
04/10/2025,5353.14990234375,5353.14990234375,5115.27001953125,5268.0498046875
04/11/2025,5255.56005859375,5381.4599609375,5220.77001953125,5363.35986328125
04/14/2025,5441.9599609375,5459.4599609375,5358.02001953125,5405.97021484375
04/15/2025,5411.990234375,5450.41015625,5386.43994140625,5396.6298828125
04/16/2025,5335.75,5367.240234375,5220.7900390625,5275.7001953125
04/17/2025,5305.4501953125,5328.31005859375,5255.580078125,5282.7001953125
04/21/2025,5232.93994140625,5232.93994140625,5101.6298828125,5158.2001953125
04/22/2025,5207.669921875,5309.60986328125,5207.669921875,5287.759765625
04/23/2025,5395.919921875,5469.68994140625,5356.169921875,5375.85986328125
04/24/2025,5381.3798828125,5489.39990234375,5371.9599609375,5484.77001953125
04/25/2025,5489.72998046875,5528.10986328125,5455.85986328125,5525.2099609375
04/28/2025,5529.22021484375,5553.66015625,5468.64013671875,5528.75
04/29/2025,5508.8701171875,5571.9501953125,5505.7001953125,5560.830078125
04/30/2025,5499.43994140625,5581.83984375,5433.240234375,5569.06005859375
05/01/2025,5625.14013671875,5658.91015625,5597.35009765625,5604.14013671875
05/02/2025,5645.8798828125,5700.7001953125,5642.27978515625,5686.669921875
05/05/2025,5655.31982421875,5683.3798828125,5634.47998046875,5650.3798828125
05/06/2025,5605.8701171875,5649.580078125,5586.0400390625,5606.91015625
05/07/2025,5614.18017578125,5654.72998046875,5578.64013671875,5631.27978515625
05/08/2025,5663.60009765625,5720.10009765625,5635.3798828125,5663.93994140625
05/09/2025,5679.64990234375,5691.68994140625,5644.14990234375,5659.91015625
05/12/2025,5807.2001953125,5845.3701171875,5786.080078125,5844.18994140625
05/13/2025,5854.14990234375,5906.64013671875,5845.02001953125,5886.5498046875
05/14/2025,5896.740234375,5906.5498046875,5872.10986328125,5892.580078125
05/15/2025,5869.81982421875,5924.2099609375,5865.16015625,5916.93017578125
05/16/2025,5929.08984375,5958.6201171875,5907.35986328125,5958.3798828125
05/19/2025,5902.8798828125,5968.60986328125,5895.68994140625,5963.60009765625
05/20/2025,5944.66015625,5953.06005859375,5909.259765625,5940.4599609375
05/21/2025,5910.18017578125,5938.3701171875,5830.91015625,5844.60986328125
05/22/2025,5841.259765625,5878.080078125,5825.81982421875,5842.009765625
05/23/2025,5781.89013671875,5829.509765625,5767.41015625,5802.81982421875
05/27/2025,5854.06982421875,5924.330078125,5854.06982421875,5921.5400390625
05/28/2025,5925.5400390625,5939.919921875,5881.8798828125,5888.5498046875
05/29/2025,5939.9599609375,5943.1298828125,5873.7998046875,5912.169921875
05/30/2025,5903.669921875,5922.14013671875,5843.66015625,5911.68994140625
06/02/2025,5896.68017578125,5937.39990234375,5861.43017578125,5935.93994140625
06/03/2025,5938.56005859375,5981.35009765625,5929.0,5970.3701171875
06/04/2025,5978.93994140625,5990.47998046875,5966.10986328125,5970.81005859375
06/05/2025,5985.669921875,5999.7001953125,5921.2001953125,5939.2998046875
06/06/2025,5987.06005859375,6016.8701171875,5978.6298828125,6000.35986328125
06/09/2025,6004.6298828125,6021.31005859375,5994.18017578125,6005.8798828125
06/10/2025,6009.91015625,6043.009765625,6000.27978515625,6038.81005859375
06/11/2025,6049.3798828125,6059.39990234375,6002.31982421875,6022.240234375
06/12/2025,6009.89990234375,6045.43017578125,6003.8798828125,6045.259765625
06/13/2025,6000.56005859375,6026.16015625,5963.2099609375,5976.97021484375
06/16/2025,6004.0,6050.830078125,6004.0,6033.10986328125
06/17/2025,6012.14990234375,6023.25,5974.7998046875,5982.72021484375
06/18/2025,5987.93017578125,6018.25,5971.89013671875,5980.8701171875
06/20/2025,5999.669921875,6018.2001953125,5952.56005859375,5967.83984375
06/23/2025,5969.669921875,6028.77001953125,5943.22998046875,6025.169921875
06/24/2025,6061.2099609375,6101.759765625,6059.25,6092.18017578125
06/25/2025,6104.22998046875,6108.509765625,6080.08984375,6092.16015625
06/26/2025,6112.08984375,6146.52001953125,6107.27001953125,6141.02001953125
06/27/2025,6150.7001953125,6187.68017578125,6132.35009765625,6173.06982421875
06/30/2025,6193.35986328125,6215.080078125,6174.97021484375,6204.9501953125
07/01/2025,6187.25,6210.77978515625,6177.97021484375,6198.009765625
07/02/2025,6193.8798828125,6227.60009765625,6188.2900390625,6227.419921875
07/03/2025,6246.4599609375,6284.64990234375,6246.4599609375,6279.35009765625
07/07/2025,6259.0400390625,6262.06982421875,6201.0,6229.97998046875
07/08/2025,6234.02978515625,6242.7001953125,6217.75,6225.52001953125
07/09/2025,6243.330078125,6269.16015625,6231.43017578125,6263.259765625
07/10/2025,6266.7998046875,6290.22021484375,6251.43994140625,6280.4599609375
07/11/2025,6255.68017578125,6269.43994140625,6237.60009765625,6259.75
07/14/2025,6255.14990234375,6273.31005859375,6239.22021484375,6268.56005859375
07/15/2025,6295.2900390625,6302.0400390625,6241.68017578125,6243.759765625
07/16/2025,6254.5,6268.1201171875,6201.58984375,6263.7001953125
07/17/2025,6263.39990234375,6304.68994140625,6262.27001953125,6297.35986328125
07/18/2025,6312.9501953125,6315.60986328125,6285.27001953125,6296.7900390625
07/21/2025,6304.740234375,6336.080078125,6303.7900390625,6305.60009765625
07/22/2025,6306.60009765625,6316.1201171875,6281.7099609375,6309.6201171875
07/23/2025,6326.89990234375,6360.64013671875,6317.490234375,6358.91015625
07/24/2025,6368.60009765625,6381.31005859375,6360.56982421875,6363.35009765625
07/25/2025,6370.009765625,6395.81982421875,6368.52978515625,6388.64013671875
07/28/2025,6397.68994140625,6401.06982421875,6375.7900390625,6389.77001953125
07/29/2025,6405.6201171875,6409.259765625,6363.919921875,6370.85986328125
07/30/2025,6381.22998046875,6396.5400390625,6336.3798828125,6362.89990234375
07/31/2025,6427.02001953125,6427.02001953125,6327.64013671875,6339.39013671875
08/01/2025,6287.27978515625,6287.27978515625,6212.68994140625,6238.009765625
08/04/2025,6271.7099609375,6330.68994140625,6271.7099609375,6329.93994140625
08/05/2025,6336.6298828125,6346.0,6289.3701171875,6299.18994140625
08/06/2025,6309.2998046875,6352.830078125,6301.10986328125,6345.06005859375
08/07/2025,6374.31982421875,6389.7099609375,6310.31982421875,6340.0
08/08/2025,6355.22021484375,6395.16015625,6355.22021484375,6389.4501953125
08/11/2025,6389.669921875,6407.25,6364.06005859375,6373.4501953125
08/12/2025,6395.169921875,6446.5498046875,6385.759765625,6445.759765625
08/13/2025,6462.669921875,6480.27978515625,6445.02001953125,6466.580078125
08/14/2025,6453.4599609375,6473.919921875,6441.06982421875,6468.5400390625
08/15/2025,6477.3798828125,6481.33984375,6441.85009765625,6449.7998046875
08/18/2025,6445.02001953125,6455.35009765625,6437.7001953125,6449.14990234375
08/19/2025,6446.240234375,6456.47998046875,6400.22021484375,6411.3701171875
08/20/2025,6406.6201171875,6408.39990234375,6343.85986328125,6395.77978515625
08/21/2025,6380.830078125,6393.64990234375,6352.7099609375,6370.169921875
08/22/2025,6384.58984375,6478.89013671875,6384.58984375,6466.91015625
08/25/2025,6457.669921875,6466.89013671875,6438.06005859375,6439.31982421875
08/26/2025,6435.490234375,6468.3701171875,6429.2099609375,6465.93994140625
08/27/2025,6462.259765625,6487.06005859375,6457.83984375,6481.39990234375
08/28/2025,6483.83984375,6508.22998046875,6466.9599609375,6501.85986328125
08/29/2025,6489.27978515625,6491.759765625,6444.56982421875,6460.259765625
09/02/2025,6401.509765625,6416.5400390625,6360.580078125,6415.5400390625
09/03/2025,6445.81982421875,6453.669921875,6416.169921875,6448.259765625
09/04/2025,6456.60009765625,6502.5400390625,6445.97998046875,6502.080078125
09/05/2025,6529.080078125,6532.64990234375,6443.97998046875,6481.5
09/08/2025,6498.08984375,6508.669921875,6483.2900390625,6495.14990234375
09/09/2025,6503.330078125,6518.22998046875,6483.080078125,6512.60986328125
09/10/2025,6550.2900390625,6555.97021484375,6516.33984375,6532.0400390625
09/11/2025,6554.41015625,6592.89013671875,6545.7998046875,6587.47021484375
09/12/2025,6590.66015625,6600.2099609375,6579.490234375,6584.2900390625
09/15/2025,6603.490234375,6619.6201171875,6602.06982421875,6615.27978515625
09/16/2025,6624.1298828125,6626.990234375,6600.10986328125,6606.759765625
09/17/2025,6604.8701171875,6624.39013671875,6551.14990234375,6600.35009765625
09/18/2025,6626.85009765625,6656.7998046875,6611.89013671875,6631.9599609375
09/19/2025,6647.10986328125,6671.81982421875,6630.31005859375,6664.35986328125
09/22/2025,6654.27978515625,6698.8798828125,6648.06982421875,6693.75
09/23/2025,6692.43994140625,6699.52001953125,6645.580078125,6656.919921875
09/24/2025,6669.7900390625,6672.66015625,6621.759765625,6637.97021484375
09/25/2025,6608.18994140625,6619.0,6569.22021484375,6604.72021484375
09/26/2025,6615.3798828125,6648.97021484375,6604.43017578125,6643.7001953125
09/29/2025,6661.580078125,6677.31005859375,6644.490234375,6661.2099609375
09/30/2025,6656.18994140625,6691.25,6641.0,6688.4599609375
10/01/2025,6664.919921875,6718.47998046875,6656.2001953125,6711.2001953125
10/02/2025,6731.31005859375,6731.93994140625,6693.22998046875,6715.35009765625
10/03/2025,6722.14013671875,6750.8701171875,6705.669921875,6715.7900390625
10/06/2025,6733.85986328125,6749.52001953125,6717.77978515625,6740.27978515625
10/07/2025,6746.14013671875,6754.490234375,6699.9599609375,6714.58984375
10/08/2025,6723.8701171875,6755.64013671875,6718.08984375,6753.72021484375
10/09/2025,6760.5,6764.580078125,6716.169921875,6735.10986328125
10/10/2025,6740.490234375,6762.39990234375,6550.77978515625,6552.509765625
10/13/2025,6622.52978515625,6668.68017578125,6620.7099609375,6654.72021484375
10/14/2025,6602.490234375,6680.7001953125,6555.06982421875,6644.31005859375
10/15/2025,6688.27001953125,6724.1201171875,6612.10986328125,6671.06005859375
10/16/2025,6689.02001953125,6709.33984375,6593.990234375,6629.06982421875
10/17/2025,6613.27001953125,6678.8798828125,6603.759765625,6664.009765625
10/20/2025,6690.0498046875,6744.35009765625,6690.0498046875,6735.1298828125
10/21/2025,6736.75,6752.16015625,6722.02978515625,6735.35009765625
10/22/2025,6741.33984375,6741.75,6655.68994140625,6699.39990234375
10/23/2025,6703.64990234375,6749.52978515625,6700.14013671875,6738.43994140625
10/24/2025,6772.06982421875,6807.10986328125,6772.06982421875,6791.68994140625
10/27/2025,6845.4599609375,6877.27978515625,6843.93994140625,6875.16015625
10/28/2025,6897.740234375,6911.2998046875,6870.72998046875,6890.89013671875
10/29/2025,6910.9501953125,6920.33984375,6851.91015625,6890.58984375
10/30/2025,6860.5,6880.75,6820.68994140625,6822.33984375
10/31/2025,6879.169921875,6879.169921875,6814.259765625,6840.2001953125
11/03/2025,6882.31982421875,6882.31982421875,6820.6201171875,6851.97021484375
11/04/2025,6788.52001953125,6820.2099609375,6766.7099609375,6771.5498046875
11/05/2025,6769.77001953125,6829.77978515625,6763.10986328125,6796.2900390625
11/06/2025,6787.58984375,6796.68017578125,6707.509765625,6720.31982421875
11/07/2025,6696.18017578125,6730.10986328125,6631.43994140625,6728.7998046875
11/10/2025,6785.35986328125,6841.31982421875,6770.56005859375,6832.43017578125
11/11/2025,6815.64013671875,6855.1298828125,6806.8701171875,6846.60986328125
11/12/2025,6867.77001953125,6869.91015625,6829.6201171875,6850.919921875
11/13/2025,6826.47021484375,6828.0498046875,6724.72021484375,6737.490234375
11/14/2025,6672.14013671875,6774.31005859375,6646.8701171875,6734.10986328125
11/17/2025,6713.60986328125,6754.5,6638.89990234375,6672.41015625
11/18/2025,6641.18994140625,6666.6298828125,6574.31982421875,6617.31982421875
11/19/2025,6625.83984375,6689.75,6603.5,6642.16015625
11/20/2025,6737.93017578125,6770.35009765625,6534.0498046875,6538.759765625
11/21/2025,6555.77001953125,6660.0498046875,6521.919921875,6602.990234375
11/24/2025,6636.5400390625,6715.75,6630.7001953125,6705.1201171875
11/25/2025,6697.02978515625,6776.39990234375,6659.97998046875,6765.8798828125
11/26/2025,6793.5498046875,6831.43994140625,6783.8701171875,6812.60986328125
11/28/2025,6822.52001953125,6850.85986328125,6819.75,6849.08984375
12/01/2025,6812.2998046875,6843.64990234375,6799.93994140625,6812.6298828125
12/02/2025,6830.9599609375,6851.5498046875,6806.7099609375,6829.3701171875
12/03/2025,6815.2900390625,6862.419921875,6810.43017578125,6849.72021484375
12/04/2025,6866.47021484375,6866.47021484375,6827.1201171875,6857.1201171875
12/05/2025,6866.31982421875,6895.77978515625,6858.2900390625,6870.39990234375
12/08/2025,6875.2001953125,6878.27001953125,6827.18994140625,6846.509765625
12/09/2025,6840.60986328125,6864.919921875,6837.43017578125,6840.509765625
12/10/2025,6833.490234375,6900.669921875,6824.68994140625,6886.68017578125
12/11/2025,6861.2998046875,6903.4599609375,6833.4501953125,6901.0
12/12/2025,6886.85009765625,6899.85009765625,6801.7900390625,6827.41015625
